6.54986467590952,13.3,0.119385707939511,0.138374853785787,0.285854537296655
16.8072495180989,38.4,0.29629975626554,0.300160792594304,0.192688220455338
2.01119593548443,5.4,0.010825123078872,0.0317377666164461,0.0105752423432709
5.68222107662456,15,0.104777677653037,0.148189845687397,0.0631588124188771
0.764317877706533,2.4,0.0989464726544105,0.0066179458499392,0.0937780445941673
4.19100768963091,13.9,0.0241664357792523,0.128256895756489,0.0887932819100839
0,0,0,0,0
13.9654899337943,29.6,0.140901164736201,0.226992465993397,0.0653514488650683
14.0628459553405,40.7,0.0761892555234541,0.185137035506921,0.0987110215340922
2.61241789779646,7.6,0.0246790497986376,0.0473623484939001,0.0337990828498483
11.0086660078652,31.4,0.209049940123146,0.0321315862416804,0.204391640162347
5.1374029519699,12.7,0.0483328487800999,0.00882431883583914,0.132364984797546
12.8773303275033,35.6,0.294139358814491,0.190422372783969,0.153133334180677
1.34096301894639,3.5,0.00988081092089842,0.0469667925709935,0.00854373135430564
4.83868877805848,14.5,0.0101312130109246,0.0721759821754087,0.0306711617780641
6.5912614325884,19.3,0.0972768548754252,0.126275802630159,0.027397154132577
6.50391490495602,15.9,0.108369023035015,0.151506817914814,0.0363251057014642
0,0,0,0,0
0,0,0,0,0
9.74893001121848,24.1,0.0892083728814938,0.129056011872576,0.0248184295930409
6.27372587571663,21.3,0.0702740286280656,0.119310767548677,0.087481150965666
2.88112982888816,7.2,0.0255278838427886,0.0359951962253955,0.0763814386262824
4.65334679167977,12.6,0.043765084923738,0.0496001366480449,0.0794342293772882
9.5663045016444,20,0.0897539653768719,0.021300909293916,0.126482264932282
5.50147087770006,13.6,0.0498906549823074,0.0154425883017123,0.111958573040453
7.57447867993087,15.5,0.0514851188593718,0.0243149469091936,0.144578120446918
1.15159967791842,3.4,0.0159107447851501,0.0328451156685269,0.0298693064039751
2.88932203435024,9.1,0.0125261640576834,0.0208656589111783,0.0327012416225217
2.75225527357276,7.1,0.0163533473459773,0.0386033191508286,0.0467897879353565
6.50665393689763,16.5,0.0666494781762291,0.0666588394520528,0.0811016536529715
11.1213553784845,25.6,0.0873578737164232,0.114853118222679,0.0211991202245411
6.43186668789933,15.9,0.0836494601755119,0.129056011872576,0.0397095358912555
9.3927050997521,27,0.120839773434984,0.181697124735894,0.0489184832090285
3.50293383530798,10,0.0210513119375233,0.0520571258851099,0.0115439351749582
5.78443051333806,15.5,0.0140150483915747,0.0547958510276695,0.0547451182499591
4.5956105539565,13.1,0.0638712620422732,0.0358606694104076,0.0522169416957231
8.64925640524296,24.2,0.0757935936086721,0.0580775082530766,0.133673016815253
6.53444022781669,13.7,0.0546454828105273,0.0436492351007042,0.134072830436568
0,0,0,0,0
0,0,0,0,0
10.5102114847678,32.2,0.0769703623894524,0.0367046149984539,0.145345088993934
1.66613324797268,3.4,0.00933903200940693,0.0422028668897761,0.0379214980879664
2.6982485902054,9.1,0.00965816026053522,0.0246792984156799,0.0617795002818131
18.7983219754027,49.2,0.117720505428131,0.151759849674591,0.028749725385039
12.0426590238052,24.1,0.105183091183206,0.165819862424916,0.0103621448759415
5.78901781589306,19.2,0.0631123546470175,0.099892216015336,0.00739942005841735
0,0,0,0,0
0,0,0,0,0
12.686642940152,39.5,0.101413332977474,0.162745828609578,0.0323851551788863
11.2187181247964,33.2,0.0734525884160834,0.0711977974809793,0.0480467374989408
19.4050415192454,48,0.145466689415825,0.0236640270962604,0.0541390402938296
9.07738448513167,20.2,0.0511980587329069,0.0393989282235144,0.0721145222467204
0,0,0,0,0
0,0,0,0,0
0,0,0,0,0
0,0,0,0,0
4.22115882408869,14,0.0157717569235182,0.0263090959983598,0.0427521980817148
9.15417440793593,18.9,0.0408761438562219,0.0315263538138491,0.068834127325802
13.7566909340344,52.5,0.181768717755534,0.198742871029722,0.175491213926511
12.4881034297738,37.1,0.171831819832858,0.173287996557835,0.19352262117256
8.44078841642824,29.6,0.0323152181270457,0.0821561495192218,0.0214172004595754
0,0,0,0,0
0,0,0,0,0
0,0,0,0,0
0,0,0,0,0
10.2090957662095,22.9,0.0798914743146203,0.155599833822124,0.0207079455101703
9.7868278824142,19.8,0.0656973928662179,0.129105808116021,0.0134190850394029
9.00437267513552,23,0.0485595526886392,0.0661862707430037,0.0568172603949603
5.37761352950612,14.8,0.0406291497235197,0.023526522839205,0.0312976187944183
8.00715589048605,20.9,0.0473847614368336,0.0381529606651198,0.089334145019085
7.05837993258561,17.9,0.0369195760442442,0.0373395132574888,0.107040574917518
0,0,0,0,0
6.33173823613304,21,0.0120832178896262,0.0246647737295705,0.0739942005841735
6.26180339983473,15,0.128584647442253,0.185498625469005,0.252877418804987
9.17032764359644,30.7,0.160796190548951,0.323088168381685,0.27633096704572
7.43497875524262,17.3,0.0539814148681158,0.0617617080528057,0.0424794686187297
2.75109895397193,7,0.0250207858767066,0.0470964534902962,0.0287079973667016
8.73126045258696,21.5,0.167476582266569,0.182400153361927,0.0400096884330147
16.1118138474396,42.9,0.322626464095498,0.34819149381339,0.0349030552273658
6.95031719354657,26.1,0.147217932020834,0.132747695150887,0.0451694852620218
9.76292616343723,27.9,0.145282750460413,0.130512196642233,0.0477037278938945
8.02987603210094,16.5,0.062490805297309,0.0253272830121054,0.10078976991369
0,0,0,0,0
0,0,0,0,0
0,0,0,0,0
7.46303618448344,26.1,0.0392855492524252,0.027291533117977,0.0565124898258847
6.60202448289366,22.9,0.0444748451354041,0.0458112942304684,0.0318081302047477
7.83063912403765,17.4,0.0652197230323633,0.0837774921061911,0.0421525060001246
6.37171305637089,12.4,0.0861367957721374,0.112039891709564,0.0151062655358904
5.98087862198432,13,0.0779247842246261,0.118902638636063,0.0121404199584768
0,0,0,0,0
13.1623222598722,28.2,0.0881976081267101,0.119825950227289,0.0288535595707988
5.74965611619908,16.1,0.0228419857184886,0.04531894265464,0.0646953253395385
11.8551101371365,32.6,0.0466253979066443,0.115713704835392,0.0975804651147349
10.4770658626788,25.9,0.0291002324675532,0.0242669071375514,0.059564344288875
0,0,0,0,0
10.1190369645984,22.6,0.0252782761894621,0.0497121560410987,0.18228679441309
7.44685412530932,19.6,0.0793903374484108,0.0506827014761734,0.231175860585832
9.05508395623947,18.9,0.160102926977787,0.0221617113306466,0.212483843103808
12.1400539163098,30.1,0.172391597229574,0.262317928158111,0.268599989766296
10.0327282612277,26.4,0.0990399113648818,0.137872738939937,0.15955154255443
10.6484228452344,30.3,0.245298351733706,0.347707946523514,0.559497419811653
19.0186415727498,55.8,0.214509968616078,0.313922760940042,0.625676877186198
6.43371799760662,17.4,0.055146729992867,0.0899304632294004,0.101796917723565
6.49683839193412,14.5,0.0458891734657553,0.0457702191857643,0.136320849510331
6.22978184354652,14.5,0.082313975811026,0.04957001183652,0.132462840947394
1.83431929410538,4.8,0.0706370990618451,0.049498839822088,0.0157737066336241
7.76908793055705,23.5,0.184176329554193,0.0258353090510572,0.255190440040909
6.40282608058206,12.3,0.140972391552969,0.0727415113446973,0.163040117898075
7.8445348665633,16.5,0.202317129499614,0.0851668379697382,0.252822223522775
6.9983504549936,17.9,0.202592943428981,0.119645860577334,0.272662149917106
7.36842156527681,21.4,0.177546499473288,0.128990959943922,0.232853101621368
20.5423111030513,50.7,0.316300033999308,0.227277045041189,0.248933482192598
13.9896000332715,45.5,0.206054494482892,0.177537618437384,0.138690760932982
12.9808180159663,40,0.133262473057701,0.0835628353238937,0.0705054595437326
7.63799116855401,25.1,0.16946727316364,0.124367572955008,0.120878983990277
18.6443605902209,62,0.377992044922526,0.354624336977264,0.501525028323369
14.7901871645911,40.2,0.382859483717841,0.108843572235878,0.128883911372987
5.02499208502317,17.4,0.0582370312403621,0.101761355597555,0.335540322824193
5.83146636790439,11.9,0.108264569865509,0.0247632463821469,0.164102265540286
5.98271753393966,12.2,0.0924172766176227,0.0527647214889646,0.16733195719174
11.0858468327864,27.4,0.284234415012839,0.0782781098565597,0.321914904229984
10.1662453961404,27.3,0.208703367991554,0.108253431750516,0.348565007902504
11.1254090833878,26.9,0.252645033208686,0.174255741645642,0.244082375875627
14.0355133986483,39.3,0.217826163291323,0.215079795189599,0.134286018751632
16.6536646253774,50.2,0.376959690352454,0.426373389817658,0.181112321374138
13.276883533557,28.3,0.350531037269818,0.178841636468174,0.138106632404721
24.7106381213362,63.7,0.226168610388115,0.130420712596008,0.116013068361879
21.1756506822856,63.7,0.507173619142636,0.0953055769019052,0.263114681711649
10.8619937898578,35.5,0.179361604385311,0.0936849023387479,0.257624249026862
16.336050485186,42.7,0.410418092934288,0.0701509246621169,0.469526465030731
1.96917149167775,5.2,0.0278028976370842,0.041048303118732,0.00936862772332116
6.53349412294413,15.8,0.110800114382941,0.0346264596659654,0.187646084629065
19.7810239646715,48.9,0.529302985462202,0.0430187919801673,0.12243766150272
6.04093611048065,11.7,0.22040254536156,0.0534733109423723,0.239052627015475
0,0,0,0,0
7.12756492907513,14.8,0.165211756450541,0.144452060343782,0.221931494791646
4.36519290420356,15.3,0.113177003744657,0.107110253188097,0.28470888834029
14.0895770631407,44.1,0.368748739590105,0.330524126679238,0.228896534687102
15.8677717975203,43.5,0.277721712579468,0.215944422019562,0.149987739553719
9.64441430428657,22.8,0.148440162845382,0.0837281735471216,0.0456946079597584
9.8953800055655,22.4,0.170591472343779,0.145673908925109,0.162050215763274
8.54939657626091,30.1,0.132596808759299,0.141630767776819,0.186335818311895
11.5891563737205,28.9,0.184846183298488,0.138783426332249,0.479866679119581
6.49189704729883,13.6,0.0708453951246207,0.0381821962421326,0.158066810103082
6.68988381472694,13.5,0.080002753645109,0.0194001654958967,0.156657914854686
6.28558234808402,12.2,0.0746525029611441,0.0532921270559801,0.159639579296785
5.51312483574837,19.7,0.0825423429202469,0.0246928447117563,0.0930437708060029
4.45651718885336,16.9,0.0932389479898298,0.0468692097928926,0.100768651474914
6.15003325933357,14.5,0.11117471842146,0.0787409776975346,0.393964406903028
6.4812596979852,13.3,0.158510692369546,0.137935242904844,0.270667235565908
12.0952432423209,31.1,0.27675244610554,0.193104623004874,0.226140513852058
22.8085271135799,67.7,0.350521561322999,0.331914502589228,0.295773088493363
17.1775434797878,48.2,0.153039093761692,0.166744943269272,0.191278529200056
6.36368961016684,23.3,0.157299117727515,0.128419970041359,0.243994312978266
1.56553795575486,5.1,0.0281924473093577,0.0261409048977212,0.011443998661466
10.4070605403692,30.5,0.134695074141626,0.0291257990465623,0.191740341578064
9.31641757134342,22.9,0.189227724552421,0.0920369754584473,0.160203972499191
19.7413916797815,52.8,0.450962421700402,0.127121667974322,0.16442219061108
5.8475791416775,16.8,0.0984710172932302,0.163911554669156,0.106666383601083
14.9228866327713,43.6,0.153327322949481,0.187206697845699,0.065335887204718
10.2247204896226,29.6,0.187748465120757,0.214306246366863,0.0580252642173296
12.0373811709419,40.8,0.222654177559649,0.177670456205762,0.0894170274636599
8.13619298957666,23.5,0.151234186668407,0.157237352063572,0.160875410096934
3.64811283717037,10.7,0.11556665234424,0.0307404611382931,0.10640961983652
6.39941758713599,20.9,0.228498167568622,0.0709133898772913,0.117343003852869
7.40311973550218,28.3,0.1065703398657,0.0617304089746312,0.141557018017281
6.09722738777076,15,0.0582854636545917,0.0478250893434056,0.0703176110913902
7.68966248224908,18.1,0.0631699406068482,0.0263693867990827,0.0641264136459455
5.95373068679707,11.9,0.0456932041528775,0.0385205830600071,0.0646824148607501
7.62842769454552,17,0.0583367534785965,0.0388560399108673,0.0555769273769807
6.52355173756806,18,0.0648902055064763,0.0314281013791508,0.0409667632129355
7.10288033764536,21.8,0.107066920204566,0.0624247546983887,0.0280439604987339
10.480111033416,29.4,0.163594663637463,0.0749772872405031,0.137130557496686
1.71760933223531,5.8,0.027081231811315,0.0258922576353346,0.00902877712565369
11.3189623681197,28.9,0.110649999850963,0.0421903766414893,0.0169093113192926
1.53581485626597,4.2,0.0493788095624024,0.0473887198647334,0.0718789588931812
7.77230514536886,21.3,0.143949334179836,0.109471613139912,0.0610898669651629
12.1438948372498,33.2,0.158894280433878,0.154521422009907,0.0647044055988841
8.15516568027451,17.1,0.128286887406171,0.121581715433994,0.0536763261181094
3.74949693595385,11.1,0.0261348925033878,0.0290658958815998,0.0428941704295541
2.88280166757019,7.3,0.0231211994215462,0.0382582639186312,0.0427913744530197
15.3717805202792,44.9,0.29317433431572,0.544098553158031,0.180216250531257
7.37553696042162,16.5,0.156671431705976,0.03099494958879,0.0967748902759088
17.6366251152125,43.6,0.320223872610479,0.0395714091462327,0.226142482102347
7.11601267309414,19.6,0.310990535615113,0.0951028122773454,0.361121358861759
9.17897795855488,25,0.0825836569648411,0.0933021370452155,0.0693245873180517
6.28221153879602,18.4,0.122154917029379,0.0920115779120906,0.0589147041625742
11.32084963082,36,0.171954401611802,0.188503958303316,0.125130433980198
11.4376968438103,29.9,0.288441343698601,0.302752595155937,0.157249437650322
14.4323563249703,42.4,0.300328431045354,0.25440708428759,0.137117689412649
12.6361242619577,26.8,0.296980459130043,0.107489925521933,0.124699331430454
4.74958371381592,13.7,0.216527847085018,0.0367827699002672,0.104721354101246
5.1956275323146,14,0.137448452848523,0.0450799126836032,0.0777261509809314
11.2341686588081,28.5,0.227502254972321,0.0679464809769464,0.135520575969539
8.52241963081121,22.3,0.215854869594112,0.0804828580230779,0.161785379151055
15.0606410584314,51.2,0.222752813057107,0.18883877919658,0.128401636364147
21.2588377344149,67.5,0.314861306220489,0.481177076622752,0.1584234239047
0,0,0,0,0
0,0,0,0,0
19.6441895179766,46.9,0.299865716647059,0.271933433293986,0.228227496537227
9.17739317314811,24.1,0.214012833894733,0.128707965829665,0.190819422199848
19.0500011930327,60,0.300321405383905,0.102663731018617,0.0964651950562934
6.14163140896915,13.9,0.161620930291503,0.0452057738087314,0.163716691941805
6.4251635989076,17.1,0.0729329682015679,0.0441806297844885,0.0425594098856902
4.05285533465437,12.2,0.192075081339706,0.0129395504235868,0.114563886371595
9.26913745129012,23.7,0.219065557226349,0.0555772643080129,0.16355454482865
9.22897610788976,24.9,0.266507262402837,0.055496362606181,0.130077323565092
8.3334375751056,19.6,0.198568243288434,0.0687083955568062,0.0972721302320351
7.83199730708469,20.9,0.130081444633947,0.0732093822488248,0.124428827444142
6.00639053614792,17.1,0.168165895244223,0.126587493612341,0.127183844159392
6.70183150001143,19.4,0.188827961532617,0.110798875764152,0.191980308874322
4.7945423518451,10.8,0.201731556350898,0.150295057867516,0.214871901414875
16.9299304621887,38.1,0.405059861492415,0.228128147283096,0.219846619204026
11.7516033722289,28.6,0.325591784419526,0.242128068588205,0.204256741429605
7.10733296097642,21.1,0.203368778822829,0.0914144698091988,0.152783543167529
11.6106299257503,26.6,0.320382561172534,0.0435779375114372,0.133534970568732
1.41453493803055,5.3,0.0150765903934182,0.0186125015859429,0.00595712337229365
0.569688910323393,1.7,0.00751436283514324,0.0119142841960702,2.91102932917273e-17
10.5058079175283,29.1,0.163206319393749,0.050195561947526,0.160379042813239
7.03506800380649,18.9,0.180547785789399,0.0827307251135184,0.245727419342337
9.65340260313335,29.8,0.220024686441597,0.0441172105744562,0.187765912070057
5.186100304047,15.1,0.112549245205175,0.0492442973862429,0.0943736929248333
6.95635745853454,18.8,0.0858273281132213,0.0826973531816565,0.130163722476735
6.46644485717686,17.5,0.180854132347742,0.132054202610209,0.167756808591455
8.81678151955896,22.9,0.313771413897529,0.196864345893954,0.0984311267013059
8.08802706586605,23.5,0.121619758095602,0.186203319935104,0.0806621943493638
12.2179599546956,28.4,0.223709395816025,0.251850280622581,0.151940785531254
6.52782854052904,14.4,0.111231380838405,0.110817385077761,0.0635618140257812
8.7125718987512,23.3,0.122175983302422,0.103722672081943,0.129038627241883
6.69105237000741,16.4,0.166100242353444,0.0753709329020292,0.110960873845564
11.2287212904311,32.8,0.10986239785603,0.0794437301731403,0.10851483443367
11.5235805672937,27.6,0.286673260637553,0.0476569758991124,0.176026502153875
5.87100734735763,14.5,0.201955509084281,0.0483741876555868,0.122124418566849
0.764317877706532,2.1,0.00293768229608433,0.00706050058180734,0.00356006214194997
8.74715538176425,20.9,0.223990374333079,0.0301705256163909,0.131180978504784
8.75549697462841,23.7,0.169625144616683,0.0735510677196497,0.152318992525949
6.06857778755751,16.9,0.18212507280293,0.0916710826010283,0.171260715339297
14.4915210319063,38.6,0.210612414565757,0.134904855847708,0.382739474026318
7.34272676623857,19.8,0.113096990581536,0.145867235135429,0.244524411767662
6.63762005541143,18.9,0.120468656318412,0.114081842506557,0.0788364854144208
9.43464601638797,21.9,0.134164516085154,0.119085253140612,0.0655566617575971
12.173682493582,32.6,0.170002540090007,0.256301979461728,0.132387721634118
14.4445397044256,35.2,0.0869895892281997,0.171452463816068,0.247944077804557
12.3630093423891,38.2,0.251855871349228,0.219841486847207,0.34109197043449
10.7185141439728,23.4,0.150688334151532,0.0572440639916489,0.294502419817316
9.6275740359751,23.8,0.229200580723086,0.109201203474957,0.292306092369563
0,0,0,0,0
12.4431068906005,30.2,0.262693563387976,0.108929910199021,0.349242616678747
11.5300003942285,28.4,0.181757901033365,0.0294970792793733,0.387498086574654
6.9954920549529,14.2,0.171522102665729,0.0297571602792092,0.14723290570441
17.3397493952741,47,0.410766780726592,0.136394444057575,0.175851467773439
11.5227443069625,31.7,0.190342921627653,0.101160439658252,0.306927368319371
8.59825563704639,26.1,0.227885706516347,0.10823242968037,0.316119011974317
7.43345019611901,25.2,0.0978223535828642,0.0547300927048016,0.0878667397552577
11.7305661337457,38.5,0.158590239634784,0.0390096928799707,0.162977048038283
2.75901827072273,7.5,0.0155256706059235,0.0242996333345933,0.0233596686118306
13.4477101802095,36.7,0.290205242020169,0.101616914994105,0.116921929620969
6.41764612752852,13.5,0.036168702699353,0.0421702158345743,0.137510205791755
7.53511778275562,18.1,0.145761362637127,0.0781584530558762,0.217889553070941
11.1473274416296,29.1,0.273296374716567,0.0469193135125921,0.201662230644771
10.508230540434,25.3,0.231610095585231,0.0261053346939001,0.133527225122231
1.77036205850154,4.2,0.0104284432473709,0.0256883659333205,0.0139101693309084
7.93490562468939,20.4,0.121151459175695,0.0896530505424753,0.159636653904549
15.059113821567,43.3,0.321672452495476,0.131179400494532,0.163317784632214
21.8775601099308,55.2,0.445372823472752,0.179140690067606,0.199742625190608
7.26472173026482,19,0.197444523907258,0.092289740700078,0.123447314575159
10.5062924867996,27.3,0.326447195487139,0.107168511728215,0.466037152865949
8.46957120305605,30.6,0.123749182023816,0.0781764412193475,0.294083032133598
12.1191883916675,40.3,0.312640594056598,0.172251481118973,0.113359651943554
6.60406211082515,18.4,0.0453415233993923,0.0400105904033442,0.0863630228014282
9.45010822448852,29.8,0.143685384341876,0.0875051680603422,0.157950699117391
9.01169946640074,21.3,0.240696255037453,0.0870611891176409,0.112270371566678
12.6137875502815,32,0.191055176229991,0.0568940523227771,0.0518281568680349
9.79615880193493,32.1,0.296305505270581,0.0602584145371658,0.159285602862105
13.8696660509053,37.9,0.315150171805013,0.135139589710596,0.346695904737227
8.97472207723651,21.3,0.222235795891375,0.0972044238918916,0.310243334754629
10.3238998973697,25.5,0.36245180546412,0.0745241852243747,0.342774285298449
9.92969833836402,28.5,0.223554906059095,0.0646910873777538,0.201325221859693
6.92406869353036,15.8,0.202880827302676,0.0531842153750972,0.1940591382431
0.694785774701291,1.6,0.0239360456360467,0.0437541861892842,0.00891599270769309
6.77256497670095,14.8,0.186769573997723,0.0963017099125074,0.277265172867419
0,0,0,0,0
7.01866343142598,16.7,0.122299531853858,0.139829552810556,0.267554290034786
16.3399677311354,51.4,0.279655700431539,0.313043797279318,0.127147348624565
15.7226241159327,51.4,0.180175574083221,0.310192528470421,0.194095453806864
8.67219171207078,26.7,0.142182062700673,0.0807644140977178,0.150622625062046
8.96950388817575,24.9,0.249255397536452,0.0794365909045631,0.232954298555669
11.3646181394073,33.5,0.180551280136848,0.0425557470540317,0.314728655636335
6.85353259939056,22.9,0.220998160178728,0.0756318821603643,0.254454503634879
9.6622037764778,33.1,0.208500698654948,0.0672965950804936,0.358746093407859
6.32911023475151,17,0.0478243698109884,0.0489130715549702,0.469297518703725
10.8547099119565,27,0.309178505071511,0.0831815525961856,0.151553618237783
4.07040315179981,13.5,0.0903439547552474,0.0411080567197323,0.0863266176000932
0,0,0,0,0
6.28332569728657,12.7,0.163983455375895,0.159790323710964,0.260962067046082
0.433170132438011,1.5,0.00715325313914776,0.0066179458499392,0.00854425358727352
3.85934521059537,12.8,0.0995186434594041,0.0937260075073761,0.0789272276928103
8.21508590117208,25.9,0.174150857218364,0.205784488508157,0.203534948962223
8.53359137867415,23.7,0.166692544549757,0.241900772694696,0.503211065126724
13.6396680844713,39.9,0.190216667361101,0.200549780795701,0.106374321561106
15.5783707865629,42.5,0.296809890855746,0.0530982893340642,0.15087520722643
9.06525835764812,24.5,0.280404632072433,0.0802562887854585,0.0928837290675332
9.74129914800429,27.7,0.269600926787834,0.083338693020189,0.273470752211041
10.6866696912981,33.2,0.176126852177215,0.0500470426018261,0.246101187222802
7.77971721851122,22.4,0.254981269293871,0.0974190761596423,0.388170860092071
8.21678990626123,22.9,0.169552756842872,0.0519814349549354,0.201192263349227
9.49863148037653,29.3,0.188234340652187,0.0989828522067066,0.104859958977792
12.1299703964264,32,0.181671817284405,0.219377539804068,0.153285713848032
1.91249480094362,4.9,0.027482539902471,0.0453723614633803,0.0412281503147259
8.91543095374021,26.3,0.300445563906615,0.159143369087179,0.088671343546941
7.92974836239518,26.3,0.232722737357725,0.141822494171732,0.0846824762381107
5.12551549513891,13.4,0.125937835978203,0.118790506449877,0.292849072670486
3.55783386601761,11.8,0.109438969718702,0.0924928261080531,0.135656285663772
0,0,0,0,0
11.695065004289,33.6,0.189138354809912,0.264625283383358,0.781190580021942
7.06499694396125,18,0.0816762006173825,0.0347725716076701,0.139066970624424
5.33966291070888,13.2,0.0486807359091309,0.0347458337918506,0.108098239467961
10.5966289665415,26.3,0.219864853297408,0.0466686988243045,0.392313457893627
3.52768273155983,11.7,0.121676712172424,0.00575512794076252,0.138122648462418
4.80834501862978,14.1,0.143526040642361,0.10565697415169,0.212916741826642
7.51189359978864,14.6,0.161665414178847,0.182495725292651,0.114365356899242
0,0,0,0,0
6.13286230075321,12.1,0.156100333743048,0.193758900808336,0.0974991721722432
7.19448020739132,22.4,0.116415063973541,0.132388682278564,0.0553381997310423
7.06807161562731,20,0.177514657250606,0.0960553062658081,0.190821959779821
9.67936887499292,26.8,0.237667139710333,0.110376750937138,0.105807543385148
6.03076958755529,14.4,0.257235129194602,0.102958592729285,0.0806650253918805
13.2722266406206,43.5,0.299235915012792,0.0622707794297512,0.255138492522929
18.7361342670447,56.5,0.352765986427586,0.132890734295534,0.362108214445752
13.8266409514386,48.1,0.386234497363507,0.175986036404354,0.456618998289164
8.22185557468076,29.7,0.116960424333689,0.0646032903390546,0.132090662905721
6.43870399155832,17.3,0.114367175926769,0.0770586722236552,0.220073549504705
6.46349187921879,14.4,0.148941675523066,0.1270523580252,0.201088283939215
17.6001601232385,43,0.32594057459676,0.322219930417437,0.19486651404523
8.32466215530696,27.2,0.185698286774738,0.182548709430113,0.136474367534098
8.83096823683564,24.3,0.204131942990049,0.166433921525522,0.146468800621155
9.52496241939616,22.7,0.144257313029499,0.0926891446498809,0.130479725849166
10.7261786807282,27.4,0.249149497412406,0.105570617494993,0.139621899813692
13.6634748674905,35.5,0.218106067104642,0.0941523439234463,0.108461252975566
15.9516941249055,41.5,0.252647757411065,0.352815110063287,0.461991612229545
16.1574919295832,42.8,0.303507516238545,0.29565763705842,0.302333219599922
6.19134292966617,13.6,0.220662915938974,0.106098871473823,0.237843222863641
6.8368520135034,18.8,0.0876677513377535,0.059281306379031,0.200608498009341
11.0724309558799,28,0.3585797564207,0.145639673918427,0.221778480844042
9.12666423179904,21.8,0.213086600661437,0.0898977963423444,0.197639797682184
12.7035428129321,34.9,0.263770815877,0.034977543834634,0.193753327014166
3.88109637743114,11.1,0.0157606109341669,0.055993660553137,0.0211640186404705
5.74644554169239,14.7,0.110288090738756,0.109594295100433,0.167096963679427
3.42761512637365,12.5,0.0700796739548507,0.0870686459241944,0.104664917786984
7.73909790373764,21.4,0.0824650786306764,0.116338038435258,0.216301331647375
8.51273911691926,22.1,0.084752030372461,0.137386323824793,0.222790686799885
13.9671758061535,38.1,0.218389460129375,0.178781748097506,0.228050635819887
4.47266444893056,17.2,0.135049837235067,0.0765700213064665,0.134134230676791
6.61560139504957,13.8,0.214076790682265,0.131057448215173,0.243937716384885
4.69243104274416,11.6,0.173342447918144,0.0860373412483842,0.0860373412483842
11.6757401945619,29.3,0.330586458598985,0.231913666104044,0.2428017481434
7.33230709072712,18.1,0.124780990528059,0.156817860134674,0.273806151686639
14.9039165078421,49.8,0.274097123438869,0.218844999804594,0.239112061512423
13.988644745585,46.5,0.348057794964938,0.191814547468043,0.146236631676241
10.6175412322337,28.6,0.246538440219297,0.123507338377405,0.177088101734506
13.6734247887845,38.2,0.32233308381822,0.081894685068436,0.161941521947531
9.68280575415655,33.3,0.200757494824613,0.0582443265281517,0.173249363137279
13.6890467162619,34.1,0.312799109521227,0.0483622465507431,0.172293358810173
1.4305752180663,4.1,0.0166680384814225,0.0202249490965794,0.0147782686930383
12.2269672148382,28.1,0.141599449324863,0.173904250960046,0.14748041823849
4.32191035202132,15.4,0.107576180358618,0.0527246142788443,0.376991292249159
14.5251756365535,41.8,0.430567791764338,0.229382461942474,0.27811768002677
11.4269219588893,26.4,0.240419856862267,0.143150141446918,0.213478202709359
6.85761686673359,16.4,0.255864623939479,0.0454281284264356,0.42384589489867
9.23528805476827,28,0.130277290731519,0.294473383325416,0.433012355167694
13.2355032187879,32.5,0.36642556827011,0.092346005043075,0.123303478112191
20.3960423968609,51.5,0.456571870916965,0.124789638541334,0.5235565140543
5.51678430708589,19,0.0816752362316198,0.024633915267618,0.111455885842188
8.15301394354483,24.5,0.0732009177014307,0.0813511552813112,0.0243136692790066
9.43604308441357,20.3,0.0724606859767294,0.0478932070516534,0.0548833975743352
9.38790324155119,28.4,0.247481073679364,0.127325570120481,0.182793442743017
8.82285255870953,21.8,0.182883517873138,0.124214456522391,0.206771460484767
6.24376052187666,17.9,0.111160377646403,0.0836618599662844,0.0895418215309066
7.46863745636013,20.3,0.171858759582026,0.0892049513828587,0.171643289217652
10.3045091630271,25.2,0.365976012717525,0.151948477191747,0.237769156540655
26.3205553961849,63.4,0.569570191764185,0.250402598282991,0.359796126792231
18.2330120186635,45.3,0.378629238661085,0.223879011872484,0.335738001118766
22.2256363033977,59.4,0.240242411634923,0.181730596854984,0.149126169098347
8.71559730389354,24.9,0.165646855114024,0.0776569713559262,0.242598241735442
16.1933488029668,40.3,0.439002019849195,0.170326618591553,0.11514089380099
7.84773273569565,19.5,0.229853254484801,0.0579832158468302,0.304060358297613
13.7446253958676,31.3,0.225167539620733,0.103758936609757,0.183145437272726
12.7488323886043,36.4,0.27024126825316,0.173069153404611,0.393923272948749
16.6973215053956,43.6,0.344835511292381,0.101473966358481,0.50552499788355
0,0,0,0,0
12.9173737831862,28.7,0.358355184797176,0.170964856829009,0.15826802570404
7.05243993883741,25.8,0.258981497642908,0.208334667506395,0.202098618685543
11.6282805732795,31.2,0.276056418828602,0.225250240372752,0.122517987032672
9.82867789129896,26.4,0.182034917592802,0.0717756484196454,0.092670545177401
9.58169656641813,24.4,0.148580569941576,0.0402941963221211,0.157376773486855
10.4256676263223,29.9,0.164034281940752,0.0709281069339857,0.16302292477217
19.7846451021539,52.6,0.342402367289528,0.0836717254359136,0.319092744565532
14.8948191114775,49.4,0.381028496170592,0.142152032968157,0.206464394556103
10.1454871293058,30.3,0.334677204163416,0.0538527687126923,0.193641732220238
19.6148135114996,49.9,0.4022880650757,0.217112054450528,0.304584657272244
24.1225394411722,70.7,0.544095751069507,0.346976546543525,0.691286942275426
10.7872567917385,31.1,0.195390864286063,0.179527894721769,0.404673166445826
15.4707348359293,43.7,0.200948235724245,0.11129997833724,0.286852855455549
9.03265791951124,25.7,0.104661244606414,0.189567351503028,0.147401872989398
26.1831243361063,89.5,0.41941231399816,0.225093619333709,0.491499918685132
17.7851112399721,52.4,0.341790682753455,0.568003660610587,0.337331669389926
26.889900097857,78.8,0.301471450343448,0.477050909584578,0.322616351545982
11.5139993841489,29.9,0.173848196985238,0.130613094919934,0.208897286534055
15.885304815801,51.4,0.418302834319891,0.34197732859438,0.381639379273156
21.331172239024,62.2,0.319250234818395,0.176800163028935,0.306978740795247
14.3925927918748,41,0.310692605179138,0.194795018125441,0.320436823527839
17.6875816734382,56.4,0.357419349969752,0.256600048922989,0.520795298723858
19.5257964568088,52.6,0.404406906607037,0.28041122672952,0.419002726432202
12.0606271508876,36.3,0.277349194511114,0.19523482528246,0.267003533308356
23.8541401018775,59.9,0.397821109405243,0.363595183639018,0.191147223447086
14.5262583557564,51.7,0.355786009060605,0.151948135801913,0.495657150952906
31.5659022018725,90.3,0.51308777307595,0.364250745162887,0.328534194318168
18.4363425676767,47.5,0.323960009114596,0.393807404275768,0.174510541018286
14.4121034992373,48.1,0.235835597562794,0.228997370276996,0.442609983681673
20.6748815540193,52.7,0.370794000824545,0.189301258051038,0.337842129645272
19.3853975033693,52,0.25942524640471,0.387893961860218,0.247125857582972
24.1534827151847,60.2,0.43189536220695,0.453461916633761,0.297435421257947
18.3875204715293,70.4,0.296704995375143,0.142657709274476,0.343915917700269
14.654338482635,44.4,0.305168492127576,0.25374964730889,0.476025435822165
18.200349646991,52.2,0.256320612762432,0.430145000812157,0.167713510773055
13.8633198175486,39.8,0.0513665513477753,0.332112785440428,0.151231702287674
21.6616838093105,58.8,0.376937424391704,0.224278510060355,0.672855435122778
13.8123923278403,40.9,0.259252199514015,0.469993114086671,0.245284102188851
14.6598400090488,38.3,0.277463333912003,0.298648415282617,0.291790300486985
27.9449263568704,83.1,0.416975444590795,0.33302839776386,0.252710859384081
9.42724292096629,24.8,0.262026549473695,0.270994280002944,0.549269080237877
18.8264755548717,47.3,0.144381926716104,0.257422996802835,0.163958633404395
17.2458743419457,50.3,0.378853447356842,0.309992867810565,0.251876513812186
12.5596033521619,41.6,0.248373952773269,0.277681976026107,0.220353504611237
37.4663533902572,97.2,0.539420457395825,0.231222709291946,0.28729298495989
13.5242274187004,35.8,0.235190813586021,0.139881154686071,0.308134549609319
16.6506128743332,44.6,0.305669895644821,0.232702359359919,0.146537557366543
24.6643209367849,59.2,0.464633344621424,0.276271004234413,0.176378437342447
17.2534686894602,46.6,0.198454838972635,0.239930818974054,0.555243752924671
13.8222613595211,41.5,0.225778809752578,0.125629646726331,0.231018886522558
13.9995324597255,41.2,0.186560362014745,0.904597454895421,0.577211340773878
16.6091759961994,43.6,0.364381148455595,0.702621995930575,0.385041005572417
11.9171305271026,31.8,0.244147019440783,0.140878786261568,0.251558048982367
13.3300276205129,32,0.359013979292811,0.437426619037587,0.433314580175007
15.7203863010597,40.6,0.323052365195011,0.368115248092225,0.401230626145975
6.22756336415339,21.3,0.17071397805399,0.176723864579517,0.400237096793843
23.1629170717491,64.8,0.475240901856579,0.498501288609897,0.528821961819367
12.2288407240648,29.7,0.166304456617866,0.197911037568031,0.217453098737729
8.53209981614885,20,0.143746509959025,0.215756338049114,0.282640769131001
7.82807302423319,19.8,0.147893855101617,0.18879754820399,0.227653258959442
7.48131004570724,19.2,0.180348593842793,0.228478855986424,0.364015716702302
19.0851774945899,46.4,0.221576535822193,0.264247626878612,0.154868263175852
13.2279524973719,37.8,0.240268781525796,0.287092776342707,0.35995265536835
14.684574466859,46.6,0.224040898408669,0.313391829507408,0.435650848756078
10.0299007517976,36.6,0.176823544778558,0.202070707227367,0.493130707537483
12.859958998945,36.5,0.110097885433909,0.114144900106733,0.0643874253503501
13.8905788870796,45.1,0.368305054766315,0.353551735172456,0.313054932945393
16.8718161979729,49.4,0.198679848631593,0.356917541178657,0.314525195658414
4.8201848323671,12.9,0.216988871155391,0.130049744916745,0.06447674860035
14.2692931595341,41.8,0.247885224717958,0.354665615714225,0.395803391558613
11.262802816028,32,0.342903969816706,0.404315600436657,0.145112120798777
11.8025652065365,40.5,0.161096919976835,0.285007136392705,0.171096708361834
8.61896429129077,28.5,0.234988402876746,0.298109123760023,0.6574355940223
13.2065204281136,36.5,0.10970983053362,0.206237384971437,0.182990325354361
11.3749245751745,28.5,0.281510005354985,0.474249658577842,0.430861331225147
9.77378683473858,28.2,0.271482823727027,0.383808555869544,0.0475335487820779
16.0535014589001,49.5,0.295969844770068,0.132251707416554,0.378423674957676
19.8671130720641,51.5,0.137328326414152,0.188933971186001,0.058490509822951
13.4288360018148,38.5,0.190972753101635,0.288003746139336,0.194653060520683
19.5721787703409,52.1,0.38392859007825,0.198745679219516,0.525775250929797
17.1276066363899,41.8,0.338434475934213,0.263956659133504,0.71292369653621
12.766739457028,34.7,0.097794503929005,0.239975194134201,0.184713973159241
12.1434831007492,27.5,0.251572216790112,0.272115123646391,0.198883346433301
11.7106012577571,40,0.161812026054589,0.312539292595795,0.244387860413431
22.9472913830409,64.3,0.325569372268171,0.106582676411004,0.390609862633828
26.7856406579075,79.4,0.53049669149148,0.37374666631997,0.122619342067561
11.4631028640908,30.3,0.136485081305214,0.232325833924802,0.292596009107904
10.5335740287037,26.6,0.234346298595243,0.184282562894742,0.282951810859055
10.1911815712498,27.2,0.257011260449923,0.382784026429325,0.419510185572846
13.9372424558349,30,0.0959068857995655,0.12301573242368,0.091191661972878
12.4312875073706,34.8,0.202200642210202,0.251769988504768,0.243053621902252
20.2054853038386,51.9,0.371203776752094,0.202851241357361,0.0971679262004233
15.1855373778653,43.1,0.245161142364335,0.198009981324948,0.314398978620912
20.1447263570395,57.4,0.0873674609168009,0.124017344265228,0.0557364789881717
17.1299312740754,41.6,0.273554290419189,0.290445621034425,0.116946303882144
12.6730279082639,34.4,0.233748486382304,0.16437829449555,0.372230676339283
18.68807592606,54,0.276488668043409,0.0983822738022196,0.247678458557791
5.28617407617611,12.3,0.0458004689700087,0.105903627224962,0.0173678086588849
14.0914867916767,36,0.247946986818884,0.317833155611986,0.270843095461473
12.8873863631354,36.6,0.109112402025118,0.189531079008407,0.141251805934714
24.4529901499331,68.9,0.502281777398576,0.312097170233951,0.270683990490118
14.3929401886038,42.4,0.212160768303105,0.113311429096763,0.179131172163721
13.1380709805857,36,0.33148990559245,0.308958525967748,0.154486695058889
23.6123696396613,64,0.209109704804746,0.315449331275909,0.268938617372745
13.853020674863,40,0.178652245601914,0.276141558150759,0.374998132234234
2.25880096913868,6.8,0.184352849354385,0.327887352172434,0.36055160145432
17.4379523401741,52.8,0.311565632160691,0.336490187901627,0.200320989928946
17.1807027054933,41.4,0.293875066572886,0.448002855276352,0.421460041519564
12.0191816390604,27.4,0.332240830918614,0.196894454935764,0.202121038046738
15.8027442956193,48.4,0.266181042278918,0.225592898055646,0.132528113300607
8.83360319770735,26.8,0.182441820789341,0.372801666216038,0.290657061310893
7.3559499726412,21.9,0.177718040377652,0.215018114513638,0.238547803115129
12.4127720147801,39.4,0.289267720442279,0.210682231723135,0.219326791458524
17.471238703028,52.3,0.359796951002039,0.174610070080017,0.181816951720918
16.846305232899,62.2,0.255683419794231,0.321108614010842,0.135571519232479
16.5780248850974,41,0.330563323859878,0.434600587459859,0.309791924156978
15.8835420826373,48.8,0.290499173514643,1.10844671043835,0.6105096976216
13.4553200022755,32.5,0.297855150252205,0.217681325230007,0.543422452370128
11.3151547613246,32.3,0.0805095293127691,0.206233306118561,0.195412098077291
14.940068151238,40.5,0.246303452258019,0.333602180491511,0.210025236514634
14.4156228383716,49.1,0.282617735091928,0.27059435331611,0.228647002694586
22.6709184960501,72.9,0.405108132680713,0.165435572669462,0.334352610309834
24.5305153190507,75.5,0.390321330618877,0.311123737076275,0.382517826410518
26.383004171074,76.4,0.393486464562827,0.385110587227995,0.204542709396629
15.3429047860152,43,0.22337030165213,0.421005306297223,0.330138364995906
16.823079385178,42.5,0.314976508319069,0.198298089585363,0.38575519960495
27.0090085981427,79,0.520199881139762,0.246782609197691,0.348528428482488
16.6650750755203,48.4,0.0923707049871234,0.133097777027623,0.0741714364962153
22.8707156941718,64.9,0.545925220352568,0.500081491375847,0.150971766618625
16.2780443319438,47.2,0.249056784525975,0.360734682335168,0.169334993593442
15.2375910766165,47,0.321261742481847,0.14681475241833,0.336904948544325
23.7967988679914,53.6,0.350437667628353,0.134659158470365,0.121570050383532
15.24559548913,48.6,0.174153007680363,0.186039130515316,0.16620683557641
20.8542735973404,57.5,0.174248438511487,0.267903936722882,0.249640815634099
13.5768385662696,36.2,0.245018918262763,0.23403610537385,0.384882999759526
7.58345088153983,26.2,0.156403445492157,0.210308495172114,0.555243502593428
22.7121033011836,66.3,0.377778262453572,0.277175035330641,0.139670022608305
19.1662392574216,49.6,0.340372979334788,0.496946116123835,0.346276651493675
12.5727555379949,32.7,0.164160325596213,0.229250434887741,0.382156875976964
6.63080963108098,17.9,0.137045798314551,0.216047234315072,0.345738545013451
19.8431027632457,57.9,0.303853326581877,0.0870139086607172,0.27420314120449
24.643623552923,67.4,0.462804387517684,0.468948559264601,0.218821505095319
13.8743976118212,38.4,0.286183159336115,0.26321903297344,0.32794025068014
21.5563827291045,61.6,0.341933241117433,0.238831291069112,0.217180676654925
13.4403327880877,33.5,0.167347469511357,0.201399335416431,0.427788347529795
19.6802669974497,53.8,0.170791071769313,0.291657932381111,0.203427467174825
17.9923923317101,49.3,0.254000199267173,0.340773707651307,0.111381172899185
22.8953865936509,49.5,0.280547142690169,0.472998143729992,0.0917634386420767
33.4173444350521,79.2,0.666474479372466,0.218389739088769,0.398366247048389
26.1781761987139,94.7,0.28351630398701,0.317585554706553,0.307720137649957
21.2700386801375,59.7,0.331624708414003,0.492956714883126,0.468233624714629
19.686465124316,48.3,0.264287968391092,0.424479629146409,0.330629169466475
18.2905638861334,46.9,0.267414218397159,0.162923626448986,0.329546127337972
31.3404530918109,83.2,0.687601162586136,0.214413166698712,0.400663833090448
12.5625634326757,35.3,0.20805591725609,0.149279111427454,0.234606750585639
16.6835738486583,44.7,0.343295238307628,0.320921017810018,0.572493803913875
20.5683782009711,54.7,0.297390001996307,1.24815774732908,0.342103615698041
16.3334904135922,44.3,0.274647716224356,0.150914895632248,0.929292974310519
15.8660701441214,45.8,0.339914947350481,0.297969262954147,0.361448169808329
11.7810325215037,33.8,0.337570452746467,0.391113693718196,0.238110004818092
16.0035791451333,45.5,0.306244023864096,0.269643834039443,0.247114421892149
10.9008673549819,27.4,0.169635096431348,0.224701271035164,0.367297288346994
9.91676266823916,24.8,0.191867828081113,0.284586800668525,0.60928451283197
23.6304195323047,65.9,0.342823235758556,0.529248500156071,0.354969357608071
21.0131127891826,63.3,0.275994225400197,0.474395666836507,0.322795297305894
17.2552864099936,39.2,0.300641397495573,0.338500641878215,0.3165498631895
11.8177909026257,35.3,0.241765513874423,0.247946838726467,0.264783897559672
14.121221940431,39.3,0.206605129232245,0.056085173743263,0.679595708250909
15.8815788086243,44.3,0.240400719107852,0.351324249683616,0.217263611378915
25.1038968362212,76.7,0.503928055471071,0.642796172659859,0.296639159703603
17.5300936055168,43.7,0.19781565032111,0.375208765078686,0.201852744772977
11.2601469391349,32.9,0.257166942097329,0.169926198372759,0.402285778817316
7.52951767138084,20.1,0.135363513428438,0.13835475763672,0.327993733734129
13.9071989206375,39.8,0.363486708054243,0.182732093547208,0.544051077766133
13.1668799368995,38.7,0.157211438639021,0.231280256264126,0.237384826587739
21.8843489113276,57.4,0.308855715936808,0.366353971846305,0.318030280340333
6.1287993781965,16,0.267305718012201,0.104842390837679,0.159133142236844
23.3525081386055,62.2,0.458812601990022,0.216796715651115,0.272274971449619
8.52288896816311,24.1,0.165095562268314,0.210915515532168,0.48311852355882
15.9871880522555,36.6,0.153132695878503,0.269080988503495,0.178294006159733
34.0166964351866,100.8,0.528227689684839,0.72112208736396,0.126264797913061
22.5855464642968,62.2,0.321637906487347,0.197274628505021,0.291319118521191
28.4217682259727,82.8,0.397367079561982,0.210362398068882,0.545488429983325
25.8545476921109,71.1,0.251687669302253,0.399201719361368,0.553421324781959
22.664437501794,67,0.280103416132133,0.431486556657104,0.286960587753907
12.5844565021516,42.3,0.275241439260317,0.211497414878951,0.10194968423868
17.737494954833,43.9,0.247455974046477,0.25529821555572,0.293627099310116
15.635332947003,58.3,0.2009281768075,0.255510298281302,0.513145146136026
15.72383251917,43.1,0.225176224436813,0.409441170408732,0.160597769657897
25.3872587943423,69.8,0.27925270160998,0.395294475301595,0.4122916715538
19.7110029263768,51.3,0.299302341850541,0.408764547400039,0.203768672479875
15.5631265846844,47.2,0.311928385602325,0.222623046808987,0.392975807314052
15.2199928323959,41.2,0.309138865128602,0.214528847643571,0.386064034855689
8.96497224048838,26.1,0.161245411888102,0.127956666257619,0.132840007764501
22.0170140820891,60.9,0.380114645090573,0.329710547198379,0.193646747343338
18.73128156563,46.2,0.274893199607147,0.338182763105637,0.402500150812572
25.6125501907313,66.3,0.450400262816354,0.476484652861107,0.33311429529696
13.9444808241306,42.1,0.132003972327557,0.203802251334275,0.684161171017632
14.933537606828,41.9,0.277658558703966,0.288477767491841,0.345464108236521
34.5491086584142,89.9,0.506188259118375,0.461884824762939,0.380256367470541
17.4078195595595,47.2,0.335504783407114,0.440207784180008,0.260467798544985
11.3160465309625,33.1,0.36046875205412,0.486862886744595,0.318391515428097
12.5319591445233,32.9,0.199742322074626,0.170487221834915,0.220726006087679
16.6355096651164,50.4,0.234125539740231,0.240546174932007,0.204025018319367
9.01790138860176,20.6,0.208949635814514,0.179651370527677,0.297358570891533
12.9853833912666,48.6,0.172247956247013,0.259184528750394,0.338848527441097
6.89700857421008,19.1,0.229831574805522,0.174808571608696,0.276527951413604
13.563366436505,51.4,0.189685796126707,0.270839244955856,0.182029068796136
8.51740464097966,24.3,0.197447652847441,0.216706545328269,0.43786001782473
12.7341916258409,33.9,0.235783720335147,0.271974898941645,0.397549445869064
18.0823168266177,44.2,0.186382383693456,0.227442919835205,0.459415492208583
14.1542926350984,36.9,0.29104488171152,0.294305750688499,0.315569559624782
17.4561789008414,52.5,0.360201475838024,0.120466267981117,0.540005982560006
19.1739833202086,51.6,0.371685355092009,0.223334576708222,0.690904263271877
16.5813421981126,39.2,0.230460523655295,0.219166893290064,0.452078313711242
16.975656367013,50.2,0.168207198710454,0.171449396244755,0.269356761956703
26.78634319608,87.5,0.324903825196018,0.426942343455239,0.280588605273632
17.9527966927415,63.5,0.325362535220413,0.183541927897281,0.4221514157668
14.8838044989726,44.3,0.329392281709845,0.187109772883374,0.586275538593819
30.5016154564729,67.4,0.459637380236423,0.245941002556859,0.516401465573654
18.2445508676875,63.7,0.211318820701793,0.297431830280914,0.282446660643032
23.1714675644619,62.7,0.680608144124182,0.391747545391886,0.185548446210246
19.6404406541938,56.6,0.408670857797248,0.176838355132015,0.30255054427457
19.2339945267369,54,0.3215176016248,0.184731974887978,0.630133356806637
5.43053655477313,13.5,0.190279252533361,0.0580568475670888,0.422164497119892
18.8375061078593,50.3,0.26085090308262,0.21468819182027,0.302244285440256
27.4981090258948,75.6,0.410306762418825,0.344761609989016,0.31094464459719
15.6397860947939,38.1,0.227832829660896,0.334427092453185,0.274221181958236
32.6633851165602,90.4,0.446993195425962,0.662828022344849,0.2890279672804
19.1450824447998,42.8,0.408624540366977,0.081883393322417,0.523595376774158
9.4434104009092,26.3,0.268589148471363,0.187678210862232,0.530821546125455
13.6273254896183,40,0.311638057531431,0.125453111023974,0.352666503084842
17.6983820524004,43.2,0.291868868587684,0.311004091472794,0.299604965068672
8.92863625950489,24.9,0.259565312995654,0.156387501974655,0.284143797419989
28.289448723701,72.1,0.601701048036056,0.352133070225718,0.178148424251894
8.42202739573705,21.3,0.22073944240587,0.168734649865646,0.406264437781354
18.5224630209817,47.3,0.301986165170014,0.119870943867846,0.51093741352977
13.0909337120981,36.3,0.198745359875383,0.237182626439819,0.297029235348797
23.7641020334147,69.1,0.360028170841618,0.689648019132382,0.282191098176226
7.16728679487573,25.7,0.0847095053063973,0.21756608897138,0.112259625645111
11.1634468447046,28.3,0.239873198004317,0.154387532394881,0.474404286485272
10.9610052624582,32.1,0.223659600887077,0.244774491951872,0.399656631627451
15.4512194281934,37.3,0.161293144449139,0.240012181876784,0.435197186720874
9.94719695556126,28,0.180526405757969,0.140053919659407,0.347328418813489
16.8057024953923,47.7,0.227288033958837,0.297135563568655,0.210577617344153
9.58801335001157,27.5,0.199195475583841,0.218640468754087,0.500368510534586
13.5706300516962,44.1,0.255558020045298,0.297800510974142,0.65136235713745
23.8747908129817,60.4,0.27421575468432,0.293740176873372,0.388509291809464
25.3174356018643,68.4,0.309170222630348,0.519908934252246,0.274670817060944
12.4736085031922,29.7,0.241184468347551,0.251027490216372,0.483282681522109
15.5886788757389,41.2,0.341958810932385,0.237485899272929,0.67893989894518
21.8127152242573,59.2,0.290645407836453,0.899268963086712,0.467642861583207
12.2219325952828,42,0.300701004748178,0.187384375115138,0.230401216126486
15.3834858326595,47.4,0.232921842001756,0.20281773480971,0.148778974242682
28.2667778013824,81.4,0.482500603962227,0.313937470902151,0.463757448138532
10.0363702239768,31.1,0.1864306284413,0.146607151067442,0.201285586287704
24.5504934221846,76.8,0.284760814463297,0.343810052880181,0.0777497791678547
19.7523301272165,55.7,0.240706389563755,0.346008842010668,0.239532291389037
10.7867848440917,39.9,0.21523427836679,0.456198851140646,0.205112231229251
23.9461631012721,58.7,0.228135334041578,0.240515464802004,0.423193748058133
8.26883524830652,21.9,0.200618853142094,0.457524507668064,0.173438748547643
7.83250801583898,22.1,0.22169287538264,0.328689399099459,0.260413347510304
12.9847182907797,38.2,0.182210287555241,0.764461927196835,0.524521439948744
9.00826892865156,31.2,0.188565880199998,0.0363004507373493,0.366077531982999
10.8579757028479,28.5,0.289803782604907,0.291831598173155,0.534199988423681
20.910093256607,63,0.396013878407081,0.460594654488047,0.186975116642087
16.6033348238457,42,0.298934755188972,0.343777559709177,0.240877134526132
12.2920373339077,34.7,0.274980066859532,0.192005625931437,0.340008744178398
13.5359588436941,33.7,0.292191728085609,0.221338846540715,0.660286825302955
8.29728323554819,23.3,0.301065160329454,0.372467113671589,0.148877855269744
19.5117819884201,53.8,0.264491813644693,0.293997326888343,0.274139002303723
22.1676832758451,60.5,0.604187634873111,0.189388425938377,0.36800726843887
18.7852795367204,49,0.257290710306697,0.123024845827885,0.290885549308471
19.652702798158,59.9,0.225332185065922,0.269757380282299,0.426364861137425
7.5143015159579,21.3,0.162581691487303,0.292616931943454,0.222276580376369
16.6585004236167,43.8,0.430046888749122,0.508039758674027,0.198885381778396
2.91796940603315,7.89999999999999,0.180733182549174,0.390220301905107,0.532722595830752
14.9431224679084,40.4,0.245553758858059,0.283436750817914,0.718050664567898
8.86214626169284,23.7,0.424848962293875,0.534453261170724,0.291730171875565
13.6691490724052,42.4,0.311839456521112,1.21264662691669,0.468438331936995
12.2767925926781,34,0.27681424988422,0.402645855718352,0.31266727850809
14.0601112112503,36.4,0.264136979596675,0.151176994779518,0.299262270553926
8.06499732288746,20.6,0.159902337999793,0.21434489677424,0.460651425378045
11.5562419182331,29.8,0.2122481907259,0.17979215984272,0.119288855432725
15.010650764162,40.3,0.213370689762207,0.363380755658129,0.145473124386617
19.7128015628055,54.9,0.460891314954207,0.225569361768517,0.24480276936443
17.7542005273016,51,0.383064005923055,0.0695047925468348,0.595856614740005
14.333628608657,34.4,0.181693465143056,0.35890764610207,0.313882083011405
5.04528582846493,13.7,0.208172438340168,0.300756684842899,0.21539162463923
17.7286465668113,49.6,0.170442059757028,0.204185014281344,0.366694498665871
17.5678735713285,38.6,0.279741694730465,0.18690637030963,0.433786855028847
9.66261775184043,23.5,0.198330397162373,0.224351640080362,0.238452031764195
19.7952152161714,51.4,0.31255194703979,0.248466821991365,0.373549729686634
13.0684561236033,35.9,0.237798996135009,0.324753993267155,0.253629215676203
26.4585885695157,74.2,0.386506415985415,0.574399375199758,0.271830253979729
14.830766546731,36.3,0.286831252977541,0.375764697033515,0.258166294929327
9.16163939279627,25.3,0.182157918139728,0.331661374999078,0.238243142364837
12.3387048089999,35.3,0.132185120574347,0.173549244922981,0.263409586131987
20.3526053726432,66,0.386711745169314,0.54431261183336,0.235513566369609
23.5198136974687,69.8,0.31456346133231,0.428549542717171,0.301122585473308
22.5832721680934,48.5,0.401796924210477,0.236858127946204,0.441251845518402
12.0757834302601,38.6,0.178008146133975,0.304367718938316,0.381657927897554
11.4866325471274,28.8,0.204063662841949,0.322349371969492,0.295050805025318
13.9407642936429,35.5,0.195305356919545,0.320539124733145,0.184740660447249
8.27906450578259,23.5,0.247217651662439,0.32513182377668,0.332357589705808
11.1252293132648,31.5,0.210446743978829,0.0315123782896643,0.424015183877525
14.318195670989,46.8,0.362060431839147,0.182966319772928,0.197913444117332
15.5198582467753,48.1,0.377566752969687,0.156729304431871,0.176806489684335
18.12402223068,45,0.185027912168604,0.145729747412431,0.118913472173361
15.8017778056199,39.5,0.350265215787201,0.314621921837306,0.527022250413121
14.9252440211512,36.1,0.460008485968248,0.0974618063909587,0.610322135170779
11.761408388145,35.3,0.224426538853748,0.267182807057102,0.298626481489412
16.2564672445377,39.3,0.291790333291654,0.356276363052642,0.206509067560049
14.3179163034545,40.2,0.342019142024962,0.547097694679764,0.212494639316544
18.8405992956217,55.4,0.387244494898319,0.298688810872815,0.752367369359943
10.8751509916373,29.3,0.182448228076747,0.169918348481066,0.633401101445837
13.659315835389,37.4,0.356408382757502,0.310589956048815,0.071559590741882
11.1370960798095,37.3,0.182587788403875,0.0847814085989268,0.152458666014294
20.6165599811061,53.8,0.447809234443296,0.251920349424166,0.158057499877294
11.4001834116027,29.5,0.425083246124889,0.247147051452877,0.696243520846968
17.0840276281678,46.2,0.189008337857547,0.0763059920855678,0.728101887557516
24.2268183481184,73.9,0.350965830532422,0.500615464633434,0.221782386877202
11.7956771742872,34.6,0.230522239881969,0.201771789764305,0.150565092701076
19.5437969698828,54.5,0.566487386450412,0.277312654742883,0.474096078696619
14.8510238398202,32.6,0.377908787626711,0.135060820483606,0.588383275036341
13.3383725325911,41.6,0.283664358047355,0.135922538448224,0.807343414769022
7.70406032261855,19,0.0643775476486527,0.300599387446303,0.13270865946398
16.3811698993914,43.1,0.288710070488812,0.35800285504791,0.200162288692787
11.3793033817781,34,0.180231548641085,0.209032874949709,0.335676442764187
10.2819700977444,28.9,0.148127032089192,0.251416756476745,0.386625688626892
17.2302324154641,60.8,0.304614850291673,0.434947080680145,0.481638384696513
21.7853829227514,72.1,0.385737266754411,0.206859476581304,0.217383568270564
28.5433450291753,77.7,0.377429273858777,0.894646431838868,0.598306800467174
16.8348124162673,43.6,0.251562602658817,0.481561010669165,0.338987268554645
13.9569337606797,38.3,0.364755445053588,0.225541645834166,0.251386607967235
31.3489190766241,85.5,0.271252024091223,0.768841106069092,0.265290114723707
22.3495983287071,65.1,0.293581429882417,0.410323180554659,0.131029578146638
20.5068946277277,55.4,0.175208312806421,0.448489633263314,0.362043457958025
13.7914663997178,46.3,0.316116585310633,0.355387563506827,0.479894821782251
11.2970309856577,32.9,0.208923126868625,0.133673186182623,0.550847431142071
11.4581848475228,28.1,0.232988422225421,0.283939626022857,0.136240418997998
22.3712030805839,54.8,0.404034227842002,1.16300379283037,0.473906924536718
20.4076188981201,51.7,0.379528381896029,0.135606803342279,0.478973555207231
28.0219718986889,79.2,0.603517661423148,0.27345424108388,0.382380343935935
14.1485238549019,43.3,0.301527625063882,0.251952156808115,0.362156591459458
13.021213461118,34.7,0.196543000171688,0.325875149634753,0.13122823457298
22.2096048018542,68.6,0.424973775895728,0.277090715049553,0.18568725241089
8.56507708398152,23.9,0.235266525944242,0.125854724329771,0.240263696047526
16.2174765439801,43.6,0.339749595393859,0.208408138642481,0.60507142303174
19.410938809201,51.4,0.369287869570463,0.271550233962902,0.140833333365779
28.7945070519298,67.2,0.592230803080921,0.542854170500841,0.439358700460163
22.3507209564418,54,0.52304472768571,0.352617471370434,0.404126006201037
16.1615874557826,59.5,0.228913438068391,0.100217343168746,0.394494210565907
16.9479685025562,61,0.25767621322676,0.478185110557419,0.399805560565133
18.0255273532742,57.6,0.558531026584639,0.213863096696125,0.283955858574884
9.94015730623652,26.3,0.186373388700992,0.190496806920889,0.227110645660656
23.6594705235461,63.4,0.686574126689874,0.332768289119046,0.211546502250517
19.6631866463935,57.2,0.609988100167551,0.225076115334666,0.257984705764634
16.8445459206453,39.1,0.332658808682303,0.296741648598146,0.193064474123471
21.8583331311591,57.8,0.508795142857587,0.522474827417818,0.247752877146526
22.0155523540643,70.2,0.399229045843064,0.182344105320545,0.243220079144286
22.1586757070658,68.5,0.356175021738853,0.325340136397672,0.43224960721512
17.5183592008758,42.5,0.252610948578736,0.241458297555765,0.804326559655512
16.2891374848394,43.7,0.287374237327786,0.382493292741124,0.0990416523260756
45.7006644073445,112.8,0.700025575519848,1.21563025393229,0.600705513061228
26.7297246865392,95.2,0.442536043191081,0.456263213380826,0.327070485888624
11.4918073584461,36.3,0.2367413660763,0.276566621359029,0.449132448535942
29.1727207569612,82.9,0.626528942090525,0.368760627180979,0.478859923668214
12.7363474141743,32.5,0.18709346060619,0.180886583654962,0.101283679684502
12.1602182994759,33.5,0.289554475715491,0.498788463438942,0.404078693892612
16.3957976877669,38.3,0.361137336242101,0.201000980312527,0.636027977483924
13.099604435388,36.3,0.232198528664414,0.279823243265217,0.358715297854132
38.9963098487303,93.1,0.81219207104085,0.774748131425542,0.636518468835129
14.4125198099683,43.3,0.214254686432462,0.154474826168185,0.178675014012267
10.5973667398171,30.7,0.212271271966064,0.059691933976892,0.388329376111826
20.7211047441535,55.2,0.386229690463071,0.239789661396256,0.601671850253019
28.739443911872,85.3,0.464951914087844,0.475245365880144,0.420312207702432
24.864717609862,60.5,0.474247365311189,0.345200862634285,0.342174249691698
7.34948359348527,18.4,0.203345837162836,0.144845336408435,0.229743406221115
3.57941081997887,9.3,0.0852811674671709,0.171332095049523,0.064692799034008
18.1149912804536,62,0.333950482139602,0.355882645667932,0.307800770557988
21.2223467128402,47.7,0.316107404070528,0.24799846746148,0.324760088724896
9.1691974467879,25.1,0.25027885732602,0.295652153130425,0.127932978556502
15.573958450509,40.3,0.230379723739798,0.274864315396193,0.136394787483128
11.175606552585,31.2,0.361979736867813,0.330874157789168,0.26375346693394
9.32469838654313,31.8,0.271075914203484,0.197173853352408,0.226688953801619
17.7281901860491,47.3,0.624898597407102,0.174870657074887,0.596217243451137
6.41021911411062,17.2,0.00635328911380841,0.0781674510037324,0.0832643939620696
12.2097725390175,30.5,0.270617522974568,0.352217616335206,0.130418447547522
8.94044944975567,20.2,0.204598418465673,0.223278521370955,0.223990863554781
15.681088784091,43.4,0.286961587142727,0.323435498253923,0.120583665590403
29.6419052264618,80.3,0.393116133848867,0.307659142662991,0.509628367280512
18.4859602745632,52.8,0.316306771729109,0.26158540102966,0.300112685178347
22.9278909151754,67.8,0.320574077042222,0.415447240884235,0.305186057984213
14.3750541500956,50.8,0.270799904468528,0.857539170011005,0.635793431034673
17.9754529592695,54.6,0.177720535766896,0.304898505296792,0.204961897736761
6.43569590783948,19,0.109797545081266,0.207509804593185,0.468261593210326
9.03065486400224,22.9,0.126018220205868,0.210869889683579,0.502720441823756
18.8705735327399,49.4,0.241821189434807,0.268728696288532,0.256320975209161
11.809595482257,37.6,0.258507488389901,0.269798288124598,0.361915756843782
30.174860096083,69.6,0.313765488378453,0.413666652316572,0.157748391268711
20.2100380099503,51.2,0.42235002083783,0.348578394663824,0.294789278219732
13.01539647704,34.6,0.179063354633544,0.114121200670408,0.52734079016237
28.1582702206329,66.3,0.383871642485728,0.472475503661956,0.319268526215294
22.0708569673388,57.2,0.37987683385486,0.480955892548673,0.284099814800208
19.4084658191869,52.6,0.373435540991292,0.437502364219773,0.155803189004734
18.0992867765054,42.4,0.337988039504386,0.0562085248500729,0.314820025405022
26.5728603859447,59.7,0.497172922063541,0.226435402495513,0.730434692159688
13.3341530051082,35,0.194615893112188,0.273501761741177,0.274391991977101
